{
  "mercury": {
    "horizon_id": 199, 
    "velocity": [
      0.02117424560897133, 
      -0.007105386129334716, 
      -0.002522925839071368
    ], 
    "position": [
      -0.1478672244638274, 
      -0.4466929789292389, 
      -0.02313937957609382
    ]
  }, 
  "sun": {
    "horizon_id": 10, 
    "velocity": [
      5.374261885473961e-06, 
      -7.410966640098344e-06, 
      -9.42289289920337e-08
    ], 
    "position": [
      -0.007139147120601119, 
      -0.002792019830318904, 
      0.0002061825704683572
    ]
  }, 
  "neptune": {
    "horizon_id": 899, 
    "velocity": [
      0.00258459116142213, 
      0.001768941583892904, 
      -9.629319953702732e-05
    ], 
    "position": [
      16.80362759327815, 
      -24.99545058404417, 
      0.127483022557464
    ]
  }, 
  "pluto": {
    "horizon_id": 999, 
    "velocity": [
      0.003044294943838434, 
      -0.001537351087334838, 
      -0.0007173015697644308
    ], 
    "position": [
      -9.884002826320547, 
      -27.96080077448092, 
      5.851016944736992
    ]
  }, 
  "moon": {
    "horizon_id": 301, 
    "velocity": [
      -0.01690468993697087, 
      -0.003477070825128482, 
      -1.005321785562563e-06
    ], 
    "position": [
      -0.1777871599453381, 
      0.9643743953314254, 
      0.0004464155113979891
    ]
  }, 
  "jupiter": {
    "horizon_id": 599, 
    "velocity": [
      -0.004558376986518071, 
      0.006439863063373477, 
      7.537602008272618e-05
    ], 
    "position": [
      3.996321061845101, 
      2.93256139506141, 
      -0.1016168538887832
    ]
  }, 
  "uranus": {
    "horizon_id": 799, 
    "velocity": [
      0.002683777367295454, 
      0.00266503398694261, 
      -2.482628038448606e-05
    ], 
    "position": [
      14.42338131953877, 
      -13.73844066179071, 
      -0.2379183103457178
    ]
  }, 
  "mars": {
    "horizon_id": 499, 
    "velocity": [
      0.000753301385096657, 
      0.01517888771300737, 
      0.0002996589710387671
    ], 
    "position": [
      1.383221922604214, 
      -0.02380174081885046, 
      -0.03441183028654525
    ]
  }, 
  "earth": {
    "horizon_id": 399, 
    "velocity": [
      -0.01722857155938858, 
      -0.003015071280049729, 
      -5.853016610089296e-08
    ], 
    "position": [
      -0.1756637992089585, 
      0.9659912844489419, 
      0.0002020549038553377
    ]
  }, 
  "venus": {
    "horizon_id": 299, 
    "velocity": [
      0.0005189070601827867, 
      -0.02031355259129968, 
      -0.0003072686213835033
    ], 
    "position": [
      -0.725769363622821, 
      -0.02529582240743707, 
      0.04137802926392006
    ]
  }, 
  "saturn": {
    "horizon_id": 699, 
    "velocity": [
      -0.004285164922458375, 
      0.003884579946795318, 
      0.0001025157370933228
    ], 
    "position": [
      6.401419366991501, 
      6.565251049440164, 
      -0.3689193143493179
    ]
  }
}